web-scraper-order,web-scraper-start-url,paging,paging-href,links,links-href,title,price,priceWas,Rating,Rating_Count,discount
"1666980193-151","https://www.noon.com/egypt-en/sports-and-outdoors/exercise-and-fitness/yoga-16328/?limit=150&sort%5Bby%5D=popularity&sort%5Bdir%5D=desc","","","Generic Motorcycle
Half Finger Gloves F……EGP 119.20","https://www.noon.com/egypt-en/motorcycle-half-finger-gloves-free-sizeg/N51629044A/p/?o=c807dc2f828ae78a","Motorcycle Half Finger Gloves Free Sizeg","EGP 119.20 (Inclusive of VAT)","null","null","null","null"
"1666980200-152","https://www.noon.com/egypt-en/sports-and-outdoors/exercise-and-fitness/yoga-16328/?limit=150&sort%5Bby%5D=popularity&sort%5Bdir%5D=desc","","","Emfil Eva Foam Yoga
Block Brick 23cm …EGP 120.00","https://www.noon.com/egypt-en/eva-foam-yoga-block-brick-23cm/N44859759A/p/?o=aec0774423c74c8d","Eva Foam Yoga Block Brick 23cm","EGP 120.00 (Inclusive of VAT)","null","null","null","null"
"1666980214-153","https://www.noon.com/egypt-en/sports-and-outdoors/exercise-and-fitness/yoga-16328/?limit=150&sort%5Bby%5D=popularity&sort%5Bdir%5D=desc","","","Generic Yoga Mat 5
cm …EGP 169.50 4.636","https://www.noon.com/egypt-en/yoga-mat-5-cm/N16718800A/p/?o=d60de9bb8212587d","Yoga Mat 5 cm","EGP 169.50 (Inclusive of VAT)","null","4.6","36 Ratings","null"
"1666980219-154","https://www.noon.com/egypt-en/sports-and-outdoors/exercise-and-fitness/yoga-16328/?limit=150&sort%5Bby%5D=popularity&sort%5Bdir%5D=desc","","","Top Skyland Yoga
Mat, Purple - 10mm ……EGP 248.00EGP 38034% Off","https://www.noon.com/egypt-en/yoga-mat-purple-10mm-thick-183-61-1cm/N44711537A/p/?o=ba69d0f7b58540bb","Yoga Mat, Purple - 10mm Thick 183*61*1cm","EGP 248.00 Inclusive of VAT","EGP 380.00","null","null","34% Off"
"1666980225-155","https://www.noon.com/egypt-en/sports-and-outdoors/exercise-and-fitness/yoga-16328/?limit=150&sort%5Bby%5D=popularity&sort%5Bdir%5D=desc","","","Generic Double
Wheel-Ab Power Rol……EGP 115.00","https://www.noon.com/egypt-en/double-wheel-ab-power-roller/N44712767A/p/?o=ab14a964669bbf7a","Double Wheel-Ab Power Roller","EGP 115.00 (Inclusive of VAT)","null","null","null","null"
"1666980230-156","https://www.noon.com/egypt-en/sports-and-outdoors/exercise-and-fitness/yoga-16328/?limit=150&sort%5Bby%5D=popularity&sort%5Bdir%5D=desc","","","Liveup Yoga Foam
Roller 60x14centime……EGP 488.00","https://www.noon.com/egypt-en/yoga-foam-roller-60x14centimeter/N23730187A/p/?o=a04f8b905172fbfa","Yoga Foam Roller 60x14centimeter","EGP 488.00 (Inclusive of VAT)","null","null","null","null"
"1666980235-157","https://www.noon.com/egypt-en/sports-and-outdoors/exercise-and-fitness/yoga-16328/?limit=150&sort%5Bby%5D=popularity&sort%5Bdir%5D=desc","","","Gymbit Yoga Mat With
Carrying Strap And ……EGP 275.00","https://www.noon.com/egypt-en/yoga-mat-with-carrying-strap-and-bag-10millimeter/N44712216A/p/?o=db61ec17493adbfb","Yoga Mat With Carrying Strap And Bag 10millimeter","EGP 275.00 (Inclusive of VAT)","null","null","null","null"
"1666980244-158","https://www.noon.com/egypt-en/sports-and-outdoors/exercise-and-fitness/yoga-16328/?limit=150&sort%5Bby%5D=popularity&sort%5Bdir%5D=desc","","","Fitness Foldable Yoga
Mat With Carry Strap……EGP 220.00EGP 25012% Off","https://www.noon.com/egypt-en/foldable-yoga-mat-with-carry-strap-180x80x1cm/N43324422A/p/?o=ed895181f3f765bd","Foldable Yoga Mat With Carry Strap 180x80x1cm","EGP 220.00 Inclusive of VAT","EGP 250.00","null","null","12% Off"
"1666980251-159","https://www.noon.com/egypt-en/sports-and-outdoors/exercise-and-fitness/yoga-16328/?limit=150&sort%5Bby%5D=popularity&sort%5Bdir%5D=desc","","","Gymbit Foldable Yoga
Mat With Carrying  B……EGP 319.00 5.02","https://www.noon.com/egypt-en/foldable-yoga-mat-with-carrying-bag-183x61x1cm/N43324419A/p/?o=cb58806c94b50f4c","Foldable Yoga Mat With Carrying  Bag 183x61x1cm","EGP 319.00 (Inclusive of VAT)","null","5.0","2 Ratings","null"
"1666980256-160","https://www.noon.com/egypt-en/sports-and-outdoors/exercise-and-fitness/yoga-16328/?limit=150&sort%5Bby%5D=popularity&sort%5Bdir%5D=desc","","","SkyLand Anti-Skid
Star Yoga Mat 10 m……EGP 319.00 4.04","https://www.noon.com/egypt-en/anti-skid-star-yoga-mat-10-mm-purple-183x61x1cm/N22660399A/p/?o=b9703a581b849abb","Anti-Skid Star Yoga Mat 10 mm - Purple 183x61x1cm","EGP 319.00 (Inclusive of VAT)","null","4.0","4 Ratings","null"
"1666980261-161","https://www.noon.com/egypt-en/sports-and-outdoors/exercise-and-fitness/yoga-16328/?limit=150&sort%5Bby%5D=popularity&sort%5Bdir%5D=desc","","","SportQ Neoprene
Weight Lifting Belt, S……EGP 89.00","https://www.noon.com/egypt-en/neoprene-weight-lifting-belt-squat-weight-lifting-bundles-120cm/N52752602A/p/?o=b399c48bec2570ae","Neoprene Weight Lifting Belt, Squat Weight Lifting Bundles 120cm","EGP 89.00 (Inclusive of VAT)","null","null","null","null"
"1666980266-162","https://www.noon.com/egypt-en/sports-and-outdoors/exercise-and-fitness/yoga-16328/?limit=150&sort%5Bby%5D=popularity&sort%5Bdir%5D=desc","","","Emfil Yoga Ball With
Air Pump 65centime……EGP 250.00","https://www.noon.com/egypt-en/yoga-ball-with-air-pump-65centimeter/N16619852A/p/?o=f058a2220895c07c","Yoga Ball With Air Pump 65centimeter","EGP 250.00 (Inclusive of VAT)","null","null","null","null"
"1666980271-163","https://www.noon.com/egypt-en/sports-and-outdoors/exercise-and-fitness/yoga-16328/?limit=150&sort%5Bby%5D=popularity&sort%5Bdir%5D=desc","","","Alpha Kamea Padded
Beach Mat - single 7……EGP 640.00EGP 89028% Off","https://www.noon.com/egypt-en/kamea-padded-beach-mat-single-75-x-200cm/N52451443A/p/?o=dbc92a94f2ca35bc","Kamea Padded Beach Mat - single 75 x 200cm","EGP 640.00 Inclusive of VAT","EGP 890.00","null","null","28% Off"
"1666980279-164","https://www.noon.com/egypt-en/sports-and-outdoors/exercise-and-fitness/yoga-16328/?limit=150&sort%5Bby%5D=popularity&sort%5Bdir%5D=desc","","","Generic Fitness Mat
With Carry Strap 178……EGP 200.00","https://www.noon.com/egypt-en/fitness-mat-with-carry-strap-178-60-1cm/N48989711A/p/?o=c96db575f980bd8f","Fitness Mat With Carry Strap 178*60*1cm","EGP 200.00 (Inclusive of VAT)","null","null","null","null"
"1666980286-165","https://www.noon.com/egypt-en/sports-and-outdoors/exercise-and-fitness/yoga-16328/?limit=150&sort%5Bby%5D=popularity&sort%5Bdir%5D=desc","","","FITNESS MINUTES
Fitness Minutes Yog……EGP 1350.00","https://www.noon.com/egypt-en/fitness-minutes-yoga-half-ball-dome-balance/N52416515A/p/?o=daa18f785891a0fb","Fitness Minutes Yoga Half Ball Dome Balance","EGP 1350.00 (Inclusive of VAT)","null","null","null","null"
"1666980291-166","https://www.noon.com/egypt-en/sports-and-outdoors/exercise-and-fitness/yoga-16328/?limit=150&sort%5Bby%5D=popularity&sort%5Bdir%5D=desc","","","Emfil Exercise Yoga
Mat 183*61*6cm …EGP 250.00 5.02","https://www.noon.com/egypt-en/exercise-yoga-mat-183-61-6cm/N44711387A/p/?o=aac8f041aaa0717e","Exercise Yoga Mat 183*61*6cm","EGP 250.00 (Inclusive of VAT)","null","5.0","2 Ratings","null"
"1666980296-167","https://www.noon.com/egypt-en/sports-and-outdoors/exercise-and-fitness/yoga-16328/?limit=150&sort%5Bby%5D=popularity&sort%5Bdir%5D=desc","","","Fitness World Yoga
Swiss Ball 95cm …EGP 274.00 4.412","https://www.noon.com/egypt-en/yoga-swiss-ball-95cm/N18842218A/p/?o=e6406bd40aaff60c","Yoga Swiss Ball 95cm","EGP 274.00 (Inclusive of VAT)","null","4.4","12 Ratings","null"
"1666980301-168","https://www.noon.com/egypt-en/sports-and-outdoors/exercise-and-fitness/yoga-16328/?limit=150&sort%5Bby%5D=popularity&sort%5Bdir%5D=desc","","","LIXADA Portable
Home Gym Yoga Pil……EGP 230.00EGP 33030% Off 4.01","https://www.noon.com/egypt-en/portable-home-gym-yoga-pilates-stick-92-5cm/N36557078A/p/?o=ec4c28bf9d417fcb","Portable Home Gym Yoga Pilates Stick 92.5cm","EGP 230.00 Inclusive of VAT","EGP 330.00","4.0","1 Rating","30% Off"
"1666980306-169","https://www.noon.com/egypt-en/sports-and-outdoors/exercise-and-fitness/yoga-16328/?limit=150&sort%5Bby%5D=popularity&sort%5Bdir%5D=desc","","","Generic Multi Utility
Mat For Exercise,Yog……EGP 178.80EGP 25329% Off","https://www.noon.com/egypt-en/multi-utility-mat-for-exercise-yoga-picnic-purposes/N44860833A/p/?o=c6b8e2c11a0b093c","Multi Utility Mat For Exercise,Yoga,Picnic Purposes","EGP 178.80 Inclusive of VAT","EGP 252.65","null","null","29% Off"
"1666980312-170","https://www.noon.com/egypt-en/sports-and-outdoors/exercise-and-fitness/yoga-16328/?limit=150&sort%5Bby%5D=popularity&sort%5Bdir%5D=desc","","","Athlete Home Red
Floor Sand Bag 160c……EGP 2000.00","https://www.noon.com/egypt-en/red-floor-sand-bag-160cm/N52997095A/p/?o=cb225225257caa9f","Red Floor Sand Bag 160cm","EGP 2000.00 (Inclusive of VAT)","null","null","null","null"
"1666980319-171","https://www.noon.com/egypt-en/sports-and-outdoors/exercise-and-fitness/yoga-16328/?limit=150&sort%5Bby%5D=popularity&sort%5Bdir%5D=desc","","","yoga mat Non-Slip
Yoga Mat And Hand ……EGP 193.00 5.02","https://www.noon.com/egypt-en/non-slip-yoga-mat-and-hand-grip-3-mm/N34539695A/p/?o=ff20a237295451bc","Non-Slip Yoga Mat And Hand Grip 3 mm","EGP 193.00 (Inclusive of VAT)","null","5.0","2 Ratings","null"
"1666980324-172","https://www.noon.com/egypt-en/sports-and-outdoors/exercise-and-fitness/yoga-16328/?limit=150&sort%5Bby%5D=popularity&sort%5Bdir%5D=desc","","","VTC Yoga Mat
Exercise Gym Mat 6……EGP 169.00","https://www.noon.com/egypt-en/yoga-mat-exercise-gym-mat-6ml/N52352538A/p/?o=fc4fe7fe333fcbde","Yoga Mat Exercise Gym Mat 6ml","EGP 169.00 (Inclusive of VAT)","null","null","null","null"
"1666980330-173","https://www.noon.com/egypt-en/sports-and-outdoors/exercise-and-fitness/yoga-16328/?limit=150&sort%5Bby%5D=popularity&sort%5Bdir%5D=desc","","","Athlete Home Red
Floor Sand Bag 180c……EGP 2400.00","https://www.noon.com/egypt-en/red-floor-sand-bag-180cm/N52997096A/p/?o=bc039860d63b5bec","Red Floor Sand Bag 180cm","EGP 2400.00 (Inclusive of VAT)","null","null","null","null"
"1666980336-174","https://www.noon.com/egypt-en/sports-and-outdoors/exercise-and-fitness/yoga-16328/?limit=150&sort%5Bby%5D=popularity&sort%5Bdir%5D=desc","","","Generic Anti-Skid
Yoga Mat …EGP 375.00","https://www.noon.com/egypt-en/anti-skid-yoga-mat/N16543438A/p/?o=e4b848e96dee4c0b","Anti-Skid Yoga Mat","EGP 375.00 (Inclusive of VAT)","null","null","null","null"
"1666980343-175","https://www.noon.com/egypt-en/sports-and-outdoors/exercise-and-fitness/yoga-16328/?limit=150&sort%5Bby%5D=popularity&sort%5Bdir%5D=desc","","","Generic Yoga Gym
Swiss Ball 75centim……EGP 239.00 4.7152","https://www.noon.com/egypt-en/yoga-gym-swiss-ball-75centimeter/N16620092A/p/?o=ada1f59949b70caf","Yoga Gym Swiss Ball 75centimeter","EGP 239.00 (Inclusive of VAT)","null","4.7","152 Ratings","null"
"1666980349-176","https://www.noon.com/egypt-en/sports-and-outdoors/exercise-and-fitness/yoga-16328/?limit=150&sort%5Bby%5D=popularity&sort%5Bdir%5D=desc","","","Generic Yoga Ball
25centimeter …EGP 59.90","https://www.noon.com/egypt-en/yoga-ball-25centimeter/N36591417A/p/?o=d43d7ff6bda33ddf","Yoga Ball 25centimeter","EGP 59.90 (Inclusive of VAT)","null","null","null","null"
"1666980354-177","https://www.noon.com/egypt-en/sports-and-outdoors/exercise-and-fitness/yoga-16328/?limit=150&sort%5Bby%5D=popularity&sort%5Bdir%5D=desc","","","Generic Yoga Mat - 6
mm …EGP 375.00","https://www.noon.com/egypt-en/yoga-mat-6-mm/N16543616A/p/?o=d87fa4eb191bd6ff","Yoga Mat - 6 mm","EGP 375.00 (Inclusive of VAT)","null","null","null","null"
"1666980362-178","https://www.noon.com/egypt-en/sports-and-outdoors/exercise-and-fitness/yoga-16328/?limit=150&sort%5Bby%5D=popularity&sort%5Bdir%5D=desc","","","SportQ Belly Exercise
Wheel With Knee Mat …EGP 150.00","https://www.noon.com/egypt-en/belly-exercise-wheel-with-knee-mat/N52752692A/p/?o=a45a3a7fc434e44e","Belly Exercise Wheel With Knee Mat","EGP 150.00 (Inclusive of VAT)","null","null","null","null"
"1666980367-179","https://www.noon.com/egypt-en/sports-and-outdoors/exercise-and-fitness/yoga-16328/?limit=150&sort%5Bby%5D=popularity&sort%5Bdir%5D=desc","","","Generic Anti-Burst
Yoga Swiss Ball 25c……EGP 59.90 5.01","https://www.noon.com/egypt-en/anti-burst-yoga-swiss-ball-25centimeter/N31126834A/p/?o=b1502ca71a0cf2aa","Anti-Burst Yoga Swiss Ball 25centimeter","EGP 59.90 (Inclusive of VAT)","null","5.0","1 Rating","null"
"1666980373-180","https://www.noon.com/egypt-en/sports-and-outdoors/exercise-and-fitness/yoga-16328/?limit=150&sort%5Bby%5D=popularity&sort%5Bdir%5D=desc","","","SUNEX Weak Muscle
Support Waist Belt …EGP 169.00","https://www.noon.com/egypt-en/weak-muscle-support-waist-belt/N44713782A/p/?o=a8dbf39acd92a2ac","Weak Muscle Support Waist Belt","EGP 169.00 (Inclusive of VAT)","null","null","null","null"
"1666980379-181","https://www.noon.com/egypt-en/sports-and-outdoors/exercise-and-fitness/yoga-16328/?limit=150&sort%5Bby%5D=popularity&sort%5Bdir%5D=desc","","","Spall Exercise Yoga
Mat 6mm Thick 90*1……EGP 219.00","https://www.noon.com/egypt-en/exercise-yoga-mat-6mm-thick-90-190-6cm/N44711450A/p/?o=e6fde94e5c3e04eb","Exercise Yoga Mat 6mm Thick 90*190*6cm","EGP 219.00 (Inclusive of VAT)","null","null","null","null"
"1666980385-182","https://www.noon.com/egypt-en/sports-and-outdoors/exercise-and-fitness/yoga-16328/?limit=150&sort%5Bby%5D=popularity&sort%5Bdir%5D=desc","","","Emfil Exercise Yoga
Ball - 65cm 65centi……EGP 199.00 5.01","https://www.noon.com/egypt-en/exercise-yoga-ball-65cm-65centimeter/N32927461A/p/?o=d6e8bfd05d4f12be","Exercise Yoga Ball - 65cm 65centimeter","EGP 199.00 (Inclusive of VAT)","null","5.0","1 Rating","null"
"1666980391-183","https://www.noon.com/egypt-en/sports-and-outdoors/exercise-and-fitness/yoga-16328/?limit=150&sort%5Bby%5D=popularity&sort%5Bdir%5D=desc","","","Generic Yoga Pilates
Mats 10mm …EGP 319.00","https://www.noon.com/egypt-en/yoga-pilates-mats-10mm/N44861406A/p/?o=b0e11c822f7d8b4e","Yoga Pilates Mats 10mm","EGP 319.00 (Inclusive of VAT)","null","null","null","null"
"1666980395-184","https://www.noon.com/egypt-en/sports-and-outdoors/exercise-and-fitness/yoga-16328/?limit=150&sort%5Bby%5D=popularity&sort%5Bdir%5D=desc","","","Generic High Density
Exercise Yoga Mat …EGP 319.00 4.490","https://www.noon.com/egypt-en/high-density-exercise-yoga-mat/N22815456A/p/?o=fabfdf3cfba5e76f","High Density Exercise Yoga Mat","EGP 319.00 (Inclusive of VAT)","null","4.4","90 Ratings","null"
"1666980402-185","https://www.noon.com/egypt-en/sports-and-outdoors/exercise-and-fitness/yoga-16328/?limit=150&sort%5Bby%5D=popularity&sort%5Bdir%5D=desc","","","Spurt Yoga Mat With 
Carrying Bag 175X61……EGP 259.00","https://www.noon.com/egypt-en/yoga-mat-with-carrying-bag-175x61cm/N46040247A/p/?o=ac08fd85e487591f","Yoga Mat With  Carrying Bag 175X61cm","EGP 259.00 (Inclusive of VAT)","null","null","null","null"
"1666980406-186","https://www.noon.com/egypt-en/sports-and-outdoors/exercise-and-fitness/yoga-16328/?limit=150&sort%5Bby%5D=popularity&sort%5Bdir%5D=desc","","","Cactus Fitness Cactus
fitness Yoga Pilates ……EGP 345.00EGP 3686% Off","https://www.noon.com/egypt-en/cactus-fitness-yoga-pilates-mat-gym-exercise-mat-home-fitness-for-women-and-men-non-slip-tpe-mat-183cm-extra-long/Z32F83DB40EC8BFF57E40Z/p/?o=z32f83db40ec8bff57e40z-1","Cactus fitness Yoga Pilates Mat Gym Exercise Mat Home Fitness For Women And Men Non-slip TPE mat 183cm extra long","EGP 345.00 Inclusive of VAT","EGP 368.00","null","null","6% Off"
"1666980414-187","https://www.noon.com/egypt-en/sports-and-outdoors/exercise-and-fitness/yoga-16328/?limit=150&sort%5Bby%5D=popularity&sort%5Bdir%5D=desc","","","body heart Yoga Ball
With Air Pump - 85 c……EGP 192.50","https://www.noon.com/egypt-en/yoga-ball-with-air-pump-85-cm-85centimeter/N16529639A/p/?o=b8b9be03ab42e28d","Yoga Ball With Air Pump - 85 cm 85centimeter","EGP 192.50 (Inclusive of VAT)","null","null","null","null"
"1666980422-188","https://www.noon.com/egypt-en/sports-and-outdoors/exercise-and-fitness/yoga-16328/?limit=150&sort%5Bby%5D=popularity&sort%5Bdir%5D=desc","","","USE CODE DISC50 - BUY FOR 500 & GET 50 OFFAthlete Home
Exercise Mat …EGP 400.00","https://www.noon.com/egypt-en/exercise-mat/ZF7E5AD0ECB07E0928CB5Z/p/?o=zf7e5ad0ecb07e0928cb5z-1","Exercise Mat","EGP 400.00 (Inclusive of VAT)","null","null","null","null"
"1666980428-189","https://www.noon.com/egypt-en/sports-and-outdoors/exercise-and-fitness/yoga-16328/?limit=150&sort%5Bby%5D=popularity&sort%5Bdir%5D=desc","","","USE CODE DISC50 - BUY FOR 500 & GET 50 OFFAthlete Home
Exercise Mat 5Mm P……EGP 300.00","https://www.noon.com/egypt-en/exercise-mat-5mm-pvc/Z377D0E24CDC73E28ABF3Z/p/?o=z377d0e24cdc73e28abf3z-1","Exercise Mat 5Mm Pvc","EGP 300.00 (Inclusive of VAT)","null","null","null","null"
"1666980434-190","https://www.noon.com/egypt-en/sports-and-outdoors/exercise-and-fitness/yoga-16328/?limit=150&sort%5Bby%5D=popularity&sort%5Bdir%5D=desc","","","PUMA Yoga Mat …EGP 1239.00EGP 237947% Off","https://www.noon.com/egypt-en/yoga-mat/Z1116E9980CFF14A2631DZ/p/?o=z1116e9980cff14a2631dz-1","Yoga Mat","EGP 1239.00 Inclusive of VAT","EGP 2379.00","null","null","47% Off"
"1666980440-191","https://www.noon.com/egypt-en/sports-and-outdoors/exercise-and-fitness/yoga-16328/?limit=150&sort%5Bby%5D=popularity&sort%5Bdir%5D=desc","","","USE CODE DISC50 - BUY FOR 500 & GET 50 OFFAthlete Home
Exercise Mat …EGP 400.00","https://www.noon.com/egypt-en/exercise-mat/Z54AEE30A5B0B80A2810DZ/p/?o=z54aee30a5b0b80a2810dz-1","Exercise Mat","EGP 400.00 (Inclusive of VAT)","null","null","null","null"
"1666980446-192","https://www.noon.com/egypt-en/sports-and-outdoors/exercise-and-fitness/yoga-16328/?limit=150&sort%5Bby%5D=popularity&sort%5Bdir%5D=desc","","","Liveup Yoga Foam
Roller 34x14centimet……EGP 295.00","https://www.noon.com/egypt-en/yoga-foam-roller-34x14centimeter/N23730184A/p/?o=dedcbb88d6a6b8dc","Yoga Foam Roller 34x14centimeter","EGP 295.00 (Inclusive of VAT)","null","null","null","null"
"1666980450-193","https://www.noon.com/egypt-en/sports-and-outdoors/exercise-and-fitness/yoga-16328/?limit=150&sort%5Bby%5D=popularity&sort%5Bdir%5D=desc","","","USE CODE DISC50 - BUY FOR 500 & GET 50 OFFAthlete Home
Exercise Mat …EGP 300.00","https://www.noon.com/egypt-en/exercise-mat/Z6AA6AAF9605049E4696AZ/p/?o=z6aa6aaf9605049e4696az-1","Exercise Mat","EGP 300.00 (Inclusive of VAT)","null","null","null","null"
"1666980456-194","https://www.noon.com/egypt-en/sports-and-outdoors/exercise-and-fitness/yoga-16328/?limit=150&sort%5Bby%5D=popularity&sort%5Bdir%5D=desc","","","USE CODE DISC50 - BUY FOR 500 & GET 50 OFFAthlete Home
Exercise Mat …EGP 300.00","https://www.noon.com/egypt-en/exercise-mat/ZD2498CDA1356B99DC9C8Z/p/?o=zd2498cda1356b99dc9c8z-1","Exercise Mat","EGP 300.00 (Inclusive of VAT)","null","null","null","null"
"1666980462-195","https://www.noon.com/egypt-en/sports-and-outdoors/exercise-and-fitness/yoga-16328/?limit=150&sort%5Bby%5D=popularity&sort%5Bdir%5D=desc","","","USE CODE DISC50 - BUY FOR 500 & GET 50 OFFAthlete Home
Exercise Mat 5Mm P……EGP 300.00","https://www.noon.com/egypt-en/exercise-mat-5mm-pvc/ZDF32236225223318A871Z/p/?o=zdf32236225223318a871z-1","Exercise Mat 5Mm Pvc","EGP 300.00 (Inclusive of VAT)","null","null","null","null"
"1666980467-196","https://www.noon.com/egypt-en/sports-and-outdoors/exercise-and-fitness/yoga-16328/?limit=150&sort%5Bby%5D=popularity&sort%5Bdir%5D=desc","","","USE CODE DISC50 - BUY FOR 500 & GET 50 OFFAthlete Home Athlete
Home Pvc 8Mm Mat……EGP 300.00","https://www.noon.com/egypt-en/athlete-home-pvc-8mm-mat-multi-color-with-bag/ZD84DFDE797839ACCF9A5Z/p/?o=zd84dfde797839accf9a5z-1","Athlete Home Pvc 8Mm Mat Multi Color With Bag","EGP 300.00 (Inclusive of VAT)","null","null","null","null"
"1666980471-197","https://www.noon.com/egypt-en/sports-and-outdoors/exercise-and-fitness/yoga-16328/?limit=150&sort%5Bby%5D=popularity&sort%5Bdir%5D=desc","","","USE CODE DISC50 - BUY FOR 500 & GET 50 OFFAthlete Home
Exercise Mat 5Mm P……EGP 300.00","https://www.noon.com/egypt-en/exercise-mat-5mm-pvc/ZF21DA46917C13FC81AD8Z/p/?o=zf21da46917c13fc81ad8z-1","Exercise Mat 5Mm Pvc","EGP 300.00 (Inclusive of VAT)","null","null","null","null"
"1666980477-198","https://www.noon.com/egypt-en/sports-and-outdoors/exercise-and-fitness/yoga-16328/?limit=150&sort%5Bby%5D=popularity&sort%5Bdir%5D=desc","","","USE CODE DISC50 - BUY FOR 500 & GET 50 OFFAthlete Home
Exercise Mat 5Mm P……EGP 300.00","https://www.noon.com/egypt-en/exercise-mat-5mm-pvc/ZB8791342E5A8EA03667EZ/p/?o=zb8791342e5a8ea03667ez-1","Exercise Mat 5Mm Pvc","EGP 300.00 (Inclusive of VAT)","null","null","null","null"
"1666980482-199","https://www.noon.com/egypt-en/sports-and-outdoors/exercise-and-fitness/yoga-16328/?limit=150&sort%5Bby%5D=popularity&sort%5Bdir%5D=desc","","","USE CODE DISC50 - BUY FOR 500 & GET 50 OFFAthlete Home
Exercise Mat …EGP 400.00","https://www.noon.com/egypt-en/exercise-mat/Z7FCF68AE5392676BD272Z/p/?o=z7fcf68ae5392676bd272z-1","Exercise Mat","EGP 400.00 (Inclusive of VAT)","null","null","null","null"
"1666980488-200","https://www.noon.com/egypt-en/sports-and-outdoors/exercise-and-fitness/yoga-16328/?limit=150&sort%5Bby%5D=popularity&sort%5Bdir%5D=desc","","","USE CODE DISC50 - BUY FOR 500 & GET 50 OFFAthlete Home
Exercise Mat …EGP 400.00","https://www.noon.com/egypt-en/exercise-mat/Z9490EA06E42FA79DF7A6Z/p/?o=z9490ea06e42fa79df7a6z-1","Exercise Mat","EGP 400.00 (Inclusive of VAT)","null","null","null","null"
"1666980492-201","https://www.noon.com/egypt-en/sports-and-outdoors/exercise-and-fitness/yoga-16328/?limit=150&sort%5Bby%5D=popularity&sort%5Bdir%5D=desc","","","USE CODE DISC50 - BUY FOR 500 & GET 50 OFFAthlete Home Athlete
Home Balance Pad …EGP 200.00","https://www.noon.com/egypt-en/athlete-home-balance-pad/ZDBEEFDA5F0862CA5E462Z/p/?o=zdbeefda5f0862ca5e462z-1","Athlete Home Balance Pad","EGP 200.00 (Inclusive of VAT)","null","null","null","null"
"1666980497-202","https://www.noon.com/egypt-en/sports-and-outdoors/exercise-and-fitness/yoga-16328/?limit=150&sort%5Bby%5D=popularity&sort%5Bdir%5D=desc","","","USE CODE DISC50 - BUY FOR 500 & GET 50 OFFAthlete Home Athlete
Home Foam Roller 3……EGP 300.00","https://www.noon.com/egypt-en/athlete-home-foam-roller-33-cm-new-shape/Z8F1C50A1D91286612F74Z/p/?o=z8f1c50a1d91286612f74z-1","Athlete Home Foam Roller 33 Cm New Shape","EGP 300.00 (Inclusive of VAT)","null","null","null","null"
"1666980503-203","https://www.noon.com/egypt-en/sports-and-outdoors/exercise-and-fitness/yoga-16328/?limit=150&sort%5Bby%5D=popularity&sort%5Bdir%5D=desc","","","USE CODE DISC50 - BUY FOR 500 & GET 50 OFFAthlete Home Athlete
Home Foam Roller 3……EGP 300.00","https://www.noon.com/egypt-en/athlete-home-foam-roller-33-cm-new-shape/Z070ABC567E0E8A4CE92AZ/p/?o=z070abc567e0e8a4ce92az-1","Athlete Home Foam Roller 33 Cm New Shape","EGP 300.00 (Inclusive of VAT)","null","null","null","null"
"1666980511-204","https://www.noon.com/egypt-en/sports-and-outdoors/exercise-and-fitness/yoga-16328/?limit=150&sort%5Bby%5D=popularity&sort%5Bdir%5D=desc","","","USE CODE DISC50 - BUY FOR 500 & GET 50 OFFAthlete Home
Exercise Mat 5Mm P……EGP 300.00","https://www.noon.com/egypt-en/exercise-mat-5mm-pvc/Z1C9573D48BB7084DBD80Z/p/?o=z1c9573d48bb7084dbd80z-1","Exercise Mat 5Mm Pvc","EGP 300.00 (Inclusive of VAT)","null","null","null","null"
"1666980516-205","https://www.noon.com/egypt-en/sports-and-outdoors/exercise-and-fitness/yoga-16328/?limit=150&sort%5Bby%5D=popularity&sort%5Bdir%5D=desc","","","USE CODE DISC50 - BUY FOR 500 & GET 50 OFFAthlete Home
Exercise Mat 5Mm P……EGP 300.00","https://www.noon.com/egypt-en/exercise-mat-5mm-pvc/Z4FFF3D0340E47F1EC0EFZ/p/?o=z4fff3d0340e47f1ec0efz-1","Exercise Mat 5Mm Pvc","EGP 300.00 (Inclusive of VAT)","null","null","null","null"
"1666980522-206","https://www.noon.com/egypt-en/sports-and-outdoors/exercise-and-fitness/yoga-16328/?limit=150&sort%5Bby%5D=popularity&sort%5Bdir%5D=desc","","","body heart Yoga Ball
With Air Pump - 85 c……EGP 220.00 3.614","https://www.noon.com/egypt-en/yoga-ball-with-air-pump-85-cm-85centimeter/N16529626A/p/?o=c1989f1c755e6b3c","Yoga Ball With Air Pump - 85 cm 85centimeter","EGP 220.00 (Inclusive of VAT)","null","3.6","14 Ratings","null"
"1666980527-207","https://www.noon.com/egypt-en/sports-and-outdoors/exercise-and-fitness/yoga-16328/?limit=150&sort%5Bby%5D=popularity&sort%5Bdir%5D=desc","","","USE CODE DISC50 - BUY FOR 500 & GET 50 OFFAthlete Home Athlete
Home Foam Roller 3……EGP 300.00","https://www.noon.com/egypt-en/athlete-home-foam-roller-33-cm-new-shape/Z066D0A72E0493F0F4E06Z/p/?o=z066d0a72e0493f0f4e06z-1","Athlete Home Foam Roller 33 Cm New Shape","EGP 300.00 (Inclusive of VAT)","null","null","null","null"
"1666980532-208","https://www.noon.com/egypt-en/sports-and-outdoors/exercise-and-fitness/yoga-16328/?limit=150&sort%5Bby%5D=popularity&sort%5Bdir%5D=desc","","","USE CODE DISC50 - BUY FOR 500 & GET 50 OFFAthlete Home
Exercise Mat 5Mm E……EGP 228.00","https://www.noon.com/egypt-en/exercise-mat-5mm-eva/Z7A2D36755772059676BEZ/p/?o=z7a2d36755772059676bez-1","Exercise Mat 5Mm Eva","EGP 228.00 (Inclusive of VAT)","null","null","null","null"
"1666980537-209","https://www.noon.com/egypt-en/sports-and-outdoors/exercise-and-fitness/yoga-16328/?limit=150&sort%5Bby%5D=popularity&sort%5Bdir%5D=desc","","","SportQ Resistant
Training Belts With I……EGP 99.00","https://www.noon.com/egypt-en/resistant-training-belts-with-instruction-manual-and-carrying-case/N51628927A/p/?o=e5a0392776fbdb3e","Resistant Training Belts With Instruction Manual And Carrying Case","EGP 99.00 (Inclusive of VAT)","null","null","null","null"
"1666980543-210","https://www.noon.com/egypt-en/sports-and-outdoors/exercise-and-fitness/yoga-16328/?limit=150&sort%5Bby%5D=popularity&sort%5Bdir%5D=desc","","","USE CODE DISC50 - BUY FOR 500 & GET 50 OFFAthlete Home Athlete
Home Exercise Mat ……EGP 200.00","https://www.noon.com/egypt-en/athlete-home-exercise-mat-6-mm-colors-pvc/Z11FE3A106A39380426F7Z/p/?o=z11fe3a106a39380426f7z-1","Athlete Home Exercise Mat 6 mm colors PVC","EGP 200.00 (Inclusive of VAT)","null","null","null","null"
"1666980549-211","https://www.noon.com/egypt-en/sports-and-outdoors/exercise-and-fitness/yoga-16328/?limit=150&sort%5Bby%5D=popularity&sort%5Bdir%5D=desc","","","USE CODE DISC50 - BUY FOR 500 & GET 50 OFFAthlete Home
Exercise Mat …EGP 400.00","https://www.noon.com/egypt-en/exercise-mat/Z29964C733A5C7E836CE0Z/p/?o=z29964c733a5c7e836ce0z-1","Exercise Mat","EGP 400.00 (Inclusive of VAT)","null","null","null","null"
"1666980554-212","https://www.noon.com/egypt-en/sports-and-outdoors/exercise-and-fitness/yoga-16328/?limit=150&sort%5Bby%5D=popularity&sort%5Bdir%5D=desc","","","HEATS Yoga Foam
Roller 8316 …EGP 145.00","https://www.noon.com/egypt-en/yoga-foam-roller-8316/Z552B23900E7F39470BDEZ/p/?o=z552b23900e7f39470bdez-1","Yoga Foam Roller 8316","EGP 145.00 (Inclusive of VAT)","null","null","null","null"
"1666980560-213","https://www.noon.com/egypt-en/sports-and-outdoors/exercise-and-fitness/yoga-16328/?limit=150&sort%5Bby%5D=popularity&sort%5Bdir%5D=desc","","","LIXADA 11-Piece Yoga
Resistance Belt With……EGP 250.00EGP 28813% Off 4.464","https://www.noon.com/egypt-en/11-piece-yoga-resistance-belt-with-bag-22x6x19-00centimeter/N37380614A/p/?o=c672b23f5ce8f72a","11-Piece Yoga Resistance Belt With Bag 22x6x19.00centimeter","EGP 250.00 Inclusive of VAT","EGP 288.00","4.4","64 Ratings","13% Off"
"1666980566-214","https://www.noon.com/egypt-en/sports-and-outdoors/exercise-and-fitness/yoga-16328/?limit=150&sort%5Bby%5D=popularity&sort%5Bdir%5D=desc","","","USE CODE DISC50 - BUY FOR 500 & GET 50 OFFAthlete Home
Exercise Mat 6Mm E……EGP 250.00","https://www.noon.com/egypt-en/exercise-mat-6mm-eva/Z30A2A55BC86E35634D6CZ/p/?o=z30a2a55bc86e35634d6cz-1","Exercise Mat 6Mm Eva","EGP 250.00 (Inclusive of VAT)","null","null","null","null"
"1666980572-215","https://www.noon.com/egypt-en/sports-and-outdoors/exercise-and-fitness/yoga-16328/?limit=150&sort%5Bby%5D=popularity&sort%5Bdir%5D=desc","","","DECATHLON Pilates
Floor Mat 180 Cm X ……EGP 1099.00","https://www.noon.com/egypt-en/pilates-floor-mat-180-cm-x-63-cm-x-15-mm-mat/ZB57DA10D7D4550800DF1Z/p/?o=zb57da10d7d4550800df1z-1","Pilates Floor Mat 180 Cm X 63 Cm X 15 Mm Mat","EGP 1099.00 (Inclusive of VAT)","null","null","null","null"
"1666980582-216","https://www.noon.com/egypt-en/sports-and-outdoors/exercise-and-fitness/yoga-16328/?limit=150&sort%5Bby%5D=popularity&sort%5Bdir%5D=desc","","","Generic Exercise
Pilates Ring Mauve 1……EGP 119.20 5.01","https://www.noon.com/egypt-en/exercise-pilates-ring-mauve-14inch/N40325371A/p/?o=eda8dbb4865fe64d","Exercise Pilates Ring Mauve 14inch","EGP 119.20 (Inclusive of VAT)","null","5.0","1 Rating","null"
"1666980587-217","https://www.noon.com/egypt-en/sports-and-outdoors/exercise-and-fitness/yoga-16328/?limit=150&sort%5Bby%5D=popularity&sort%5Bdir%5D=desc","","","Spurt Yoga Mat …EGP 210.00","https://www.noon.com/egypt-en/yoga-mat/N44713805A/p/?o=ccd8c2fa826befcb","Yoga Mat","EGP 210.00 (Inclusive of VAT)","null","null","null","null"
"1666980592-218","https://www.noon.com/egypt-en/sports-and-outdoors/exercise-and-fitness/yoga-16328/?limit=150&sort%5Bby%5D=popularity&sort%5Bdir%5D=desc","","","USE CODE DISC50 - BUY FOR 500 & GET 50 OFFAthlete Home Athlete
Home Balance Pad …EGP 200.00","https://www.noon.com/egypt-en/athlete-home-balance-pad/Z1E266EE7C4B2C3B31C1FZ/p/?o=z1e266ee7c4b2c3b31c1fz-1","Athlete Home Balance Pad","EGP 200.00 (Inclusive of VAT)","null","null","null","null"
"1666980598-219","https://www.noon.com/egypt-en/sports-and-outdoors/exercise-and-fitness/yoga-16328/?limit=150&sort%5Bby%5D=popularity&sort%5Bdir%5D=desc","","","USE CODE DISC50 - BUY FOR 500 & GET 50 OFFAthlete Home Athlete
Home 5mm Mat Wit……EGP 200.00 5.01","https://www.noon.com/egypt-en/athlete-home-5mm-mat-with-bag/ZFD53502DB9233410B847Z/p/?o=zfd53502db9233410b847z-1","Athlete Home 5mm Mat With Bag","EGP 200.00 (Inclusive of VAT)","null","5.0","1 Rating","null"
"1666980604-220","https://www.noon.com/egypt-en/sports-and-outdoors/exercise-and-fitness/yoga-16328/?limit=150&sort%5Bby%5D=popularity&sort%5Bdir%5D=desc","","","Miniso MINISO
Sports-High-density ……EGP 190.00","https://www.noon.com/egypt-en/miniso-sports-high-density-yoga-block-purple/Z0442E166CF6B84C5FFB8Z/p/?o=z0442e166cf6b84c5ffb8z-1","MINISO Sports-High-density Yoga Block Purple","EGP 190.00 (Inclusive of VAT)","null","null","null","null"
"1666980609-221","https://www.noon.com/egypt-en/sports-and-outdoors/exercise-and-fitness/yoga-16328/?limit=150&sort%5Bby%5D=popularity&sort%5Bdir%5D=desc","","","USE CODE DISC50 - BUY FOR 500 & GET 50 OFFAthlete Home Athlete
Home 5mm Mat Wit……EGP 200.00 5.01","https://www.noon.com/egypt-en/athlete-home-5mm-mat-with-bag/Z3E1423A1CF26E531378CZ/p/?o=z3e1423a1cf26e531378cz-1","Athlete Home 5mm Mat With Bag","EGP 200.00 (Inclusive of VAT)","null","5.0","1 Rating","null"
"1666980614-222","https://www.noon.com/egypt-en/sports-and-outdoors/exercise-and-fitness/yoga-16328/?limit=150&sort%5Bby%5D=popularity&sort%5Bdir%5D=desc","","","SportQ Non Skid
Yoga Mat Nitrile Rub……EGP 275.00","https://www.noon.com/egypt-en/non-skid-yoga-mat-nitrile-rubber-home-gym-exercise-10mm/N52752347A/p/?o=ab7b7405dbc46d5b","Non Skid Yoga Mat Nitrile Rubber Home Gym Exercise 10mm","EGP 275.00 (Inclusive of VAT)","null","null","null","null"
"1666980620-223","https://www.noon.com/egypt-en/sports-and-outdoors/exercise-and-fitness/yoga-16328/?limit=150&sort%5Bby%5D=popularity&sort%5Bdir%5D=desc","","","TPE Yoga Mat
(Double-layer) 6mm …EGP 289.00","https://www.noon.com/egypt-en/yoga-mat-double-layer-6mm/N44711381A/p/?o=d0e1261854b82d1d","Yoga Mat (Double-layer) 6mm","EGP 289.00 (Inclusive of VAT)","null","null","null","null"
"1666980626-224","https://www.noon.com/egypt-en/sports-and-outdoors/exercise-and-fitness/yoga-16328/?limit=150&sort%5Bby%5D=popularity&sort%5Bdir%5D=desc","","","USE CODE DISC50 - BUY FOR 500 & GET 50 OFFLiveup Mat LS3258 …EGP 450.00","https://www.noon.com/egypt-en/mat-ls3258/Z883B7DA07400D7DEE150Z/p/?o=z883b7da07400d7dee150z-1","Mat LS3258","EGP 450.00 (Inclusive of VAT)","null","null","null","null"
"1666980631-225","https://www.noon.com/egypt-en/sports-and-outdoors/exercise-and-fitness/yoga-16328/?limit=150&sort%5Bby%5D=popularity&sort%5Bdir%5D=desc","","","UFIT Anti Slip
Carrying Bag With St……EGP 350.00","https://www.noon.com/egypt-en/anti-slip-carrying-bag-with-strap-yoga-mat-1-cm/N43217994A/p/?o=cc454bbbc78e950f","Anti Slip Carrying Bag With Strap Yoga Mat 1 cm","EGP 350.00 (Inclusive of VAT)","null","null","null","null"
"1666980635-226","https://www.noon.com/egypt-en/sports-and-outdoors/exercise-and-fitness/yoga-16328/?limit=150&sort%5Bby%5D=popularity&sort%5Bdir%5D=desc","","","BODY SCULPTURE
Yoga Mat …EGP 469.00EGP 61023% Off","https://www.noon.com/egypt-en/yoga-mat/N52252532A/p/?o=fd525e84e5c03cac","Yoga Mat","EGP 469.00 Inclusive of VAT","EGP 610.00","null","null","23% Off"
"1666980640-227","https://www.noon.com/egypt-en/sports-and-outdoors/exercise-and-fitness/yoga-16328/?limit=150&sort%5Bby%5D=popularity&sort%5Bdir%5D=desc","","","TPE Yoga Mat
(Double-layer) 6mm ……EGP 310.00","https://www.noon.com/egypt-en/yoga-mat-double-layer-6mm-orange-90-190-6cm/N44711457A/p/?o=b926031e14bcf00e","Yoga Mat (Double-layer) 6mm Orange 90*190*6cm","EGP 310.00 (Inclusive of VAT)","null","null","null","null"
"1666980645-228","https://www.noon.com/egypt-en/sports-and-outdoors/exercise-and-fitness/yoga-16328/?limit=150&sort%5Bby%5D=popularity&sort%5Bdir%5D=desc","","","Spurt Printed Yoga
Mat 68x24cm …EGP 267.00","https://www.noon.com/egypt-en/printed-yoga-mat-68x24cm/N46040233A/p/?o=f45395c74706092a","Printed Yoga Mat 68x24cm","EGP 267.00 (Inclusive of VAT)","null","null","null","null"
"1666980649-229","https://www.noon.com/egypt-en/sports-and-outdoors/exercise-and-fitness/yoga-16328/?limit=150&sort%5Bby%5D=popularity&sort%5Bdir%5D=desc","","","BODY SCULPTURE
Yoga Brick …EGP 122.00 5.01","https://www.noon.com/egypt-en/yoga-brick/N52252292A/p/?o=d21a82eb7d39131e","Yoga Brick","EGP 122.00 (Inclusive of VAT)","null","5.0","1 Rating","null"
"1666980654-230","https://www.noon.com/egypt-en/sports-and-outdoors/exercise-and-fitness/yoga-16328/?limit=150&sort%5Bby%5D=popularity&sort%5Bdir%5D=desc","","","BODY SCULPTURE
Foam Roller 14 x 33c……EGP 423.00EGP 65335% Off","https://www.noon.com/egypt-en/foam-roller-14-x-33cm/N48000694A/p/?o=fd02cae6ae61289a","Foam Roller 14 x 33cm","EGP 423.00 Inclusive of VAT","EGP 653.00","null","null","35% Off"
"1666980659-231","https://www.noon.com/egypt-en/sports-and-outdoors/exercise-and-fitness/yoga-16328/?limit=150&sort%5Bby%5D=popularity&sort%5Bdir%5D=desc","","","BODY SCULPTURE
Yoga Exercise Mat ……EGP 425.00 5.01","https://www.noon.com/egypt-en/yoga-exercise-mat-with-strap-173x61cm/N20916952A/p/?o=ea8c953d1440d32a","Yoga Exercise Mat With Strap 173x61cm","EGP 425.00 (Inclusive of VAT)","null","5.0","1 Rating","null"
"1666980664-232","https://www.noon.com/egypt-en/sports-and-outdoors/exercise-and-fitness/yoga-16328/?limit=150&sort%5Bby%5D=popularity&sort%5Bdir%5D=desc","","","Spurt 18D-141 Yoga
Roller Blue 30cm …EGP 181.35EGP 26932% Off","https://www.noon.com/egypt-en/18d-141-yoga-roller-blue-30cm/N46040261A/p/?o=aa2dde5b555f268f","18D-141 Yoga Roller Blue 30cm","EGP 181.35 Inclusive of VAT","EGP 269.00","null","null","32% Off"
"1666980670-233","https://www.noon.com/egypt-en/sports-and-outdoors/exercise-and-fitness/yoga-16328/?limit=150&sort%5Bby%5D=popularity&sort%5Bdir%5D=desc","","","USE CODE DISC50 - BUY FOR 500 & GET 50 OFFAthlete Home Floor
Sand Bag …EGP 2500.00","https://www.noon.com/egypt-en/floor-sand-bag/N51237135A/p/?o=b69933347c3bd79d","Floor Sand Bag","EGP 2500.00 (Inclusive of VAT)","null","null","null","null"
"1666980676-234","https://www.noon.com/egypt-en/sports-and-outdoors/exercise-and-fitness/yoga-16328/?limit=150&sort%5Bby%5D=popularity&sort%5Bdir%5D=desc","","","Generic Fitness Mini
Yoga Ball 25cm …EGP 59.90","https://www.noon.com/egypt-en/fitness-mini-yoga-ball-25cm/N40877223A/p/?o=ea0cb2095606991f","Fitness Mini Yoga Ball 25cm","EGP 59.90 (Inclusive of VAT)","null","null","null","null"
"1666980682-235","https://www.noon.com/egypt-en/sports-and-outdoors/exercise-and-fitness/yoga-16328/?limit=150&sort%5Bby%5D=popularity&sort%5Bdir%5D=desc","","","UFIT Yoga Mat With
Carrying Strap & Ba……EGP 319.00","https://www.noon.com/egypt-en/yoga-mat-with-carrying-strap-bag-10-mm-183x61cm/N44711392A/p/?o=cf2ae519fd0d449c","Yoga Mat With Carrying Strap & Bag- 10 Mm 183x61cm","EGP 319.00 (Inclusive of VAT)","null","null","null","null"
"1666980687-236","https://www.noon.com/egypt-en/sports-and-outdoors/exercise-and-fitness/yoga-16328/?limit=150&sort%5Bby%5D=popularity&sort%5Bdir%5D=desc","","","Umiwin Fitness
Stability Balance Yo……EGP 239.00 4.52","https://www.noon.com/egypt-en/fitness-stability-balance-yoga-exercise-ball-75centimeter/N25505106A/p/?o=bc04a1ff4e536f4c","Fitness Stability Balance Yoga Exercise Ball 75centimeter","EGP 239.00 (Inclusive of VAT)","null","4.5","2 Ratings","null"
"1666980692-237","https://www.noon.com/egypt-en/sports-and-outdoors/exercise-and-fitness/yoga-16328/?limit=150&sort%5Bby%5D=popularity&sort%5Bdir%5D=desc","","","Spurt 18D-141 Yoga
Roller Multi Color 30……EGP 210.00EGP 24915% Off","https://www.noon.com/egypt-en/18d-141-yoga-roller-multi-color-30cm/N46040265A/p/?o=a24c899da00f436f","18D-141 Yoga Roller Multi Color 30cm","EGP 210.00 Inclusive of VAT","EGP 249.00","null","null","15% Off"
"1666980697-238","https://www.noon.com/egypt-en/sports-and-outdoors/exercise-and-fitness/yoga-16328/?limit=150&sort%5Bby%5D=popularity&sort%5Bdir%5D=desc","","","kings Yoga Column
Foam Roller Hollow ……EGP 219.00","https://www.noon.com/egypt-en/yoga-column-foam-roller-hollow-massage-bar-fitness-equipment-14-33cm/N44860044A/p/?o=f7d788ef0d0e27dd","Yoga Column Foam Roller Hollow Massage Bar Fitness Equipment 14*33cm","EGP 219.00 (Inclusive of VAT)","null","null","null","null"
"1666980703-239","https://www.noon.com/egypt-en/sports-and-outdoors/exercise-and-fitness/yoga-16328/?limit=150&sort%5Bby%5D=popularity&sort%5Bdir%5D=desc","","","BODY SCULPTURE
Interlocking Mat 3kg …EGP 518.00EGP 66221% Off 5.01","https://www.noon.com/egypt-en/interlocking-mat-3kg/N52165260A/p/?o=c677ac730516096b","Interlocking Mat 3kg","EGP 518.00 Inclusive of VAT","EGP 662.00","5.0","1 Rating","21% Off"
"1666980709-240","https://www.noon.com/egypt-en/sports-and-outdoors/exercise-and-fitness/yoga-16328/?limit=150&sort%5Bby%5D=popularity&sort%5Bdir%5D=desc","","","Fitness Foldable Yoga
Mat With Carry Strap……EGP 350.00EGP 40012% Off 5.02","https://www.noon.com/egypt-en/foldable-yoga-mat-with-carry-strap-72x40cm/N43324421A/p/?o=a67bc60f737c3a1c","Foldable Yoga Mat With Carry Strap 72x40cm","EGP 350.00 Inclusive of VAT","EGP 400.00","5.0","2 Ratings","12% Off"
"1666980714-241","https://www.noon.com/egypt-en/sports-and-outdoors/exercise-and-fitness/yoga-16328/?limit=150&sort%5Bby%5D=popularity&sort%5Bdir%5D=desc","","","USE CODE DISC50 - BUY FOR 500 & GET 50 OFFAthlete Home Fabric
Sand Bag 150cm …EGP 812.50","https://www.noon.com/egypt-en/fabric-sand-bag-150cm/N52997048A/p/?o=d804a11d7730112c","Fabric Sand Bag 150cm","EGP 812.50 (Inclusive of VAT)","null","null","null","null"
"1666980718-242","https://www.noon.com/egypt-en/sports-and-outdoors/exercise-and-fitness/yoga-16328/?limit=150&sort%5Bby%5D=popularity&sort%5Bdir%5D=desc","","","Sports Exercise
Rolling Wheel With ……EGP 250.00","https://www.noon.com/egypt-en/exercise-rolling-wheel-with-yoga-mat-4-wheels-110g/N44723852A/p/?o=fba2b39df39aa50b","Exercise Rolling Wheel With Yoga Mat, 4 Wheels 110g","EGP 250.00 (Inclusive of VAT)","null","null","null","null"
"1666980723-243","https://www.noon.com/egypt-en/sports-and-outdoors/exercise-and-fitness/yoga-16328/?limit=150&sort%5Bby%5D=popularity&sort%5Bdir%5D=desc","","","Mesuca Yoga Mat
with Carry Net - 6mm …EGP 220.00 5.01","https://www.noon.com/egypt-en/yoga-mat-with-carry-net-6mm/N44711572A/p/?o=dd8f9fff373824de","Yoga Mat with Carry Net - 6mm","EGP 220.00 (Inclusive of VAT)","null","5.0","1 Rating","null"
"1666980728-244","https://www.noon.com/egypt-en/sports-and-outdoors/exercise-and-fitness/yoga-16328/?limit=150&sort%5Bby%5D=popularity&sort%5Bdir%5D=desc","","","USE CODE DISC50 - BUY FOR 500 & GET 50 OFFAthlete Home Athlete
Home Exercise Mat ……EGP 200.00","https://www.noon.com/egypt-en/athlete-home-exercise-mat-6-mm-colors-pvc/ZFD35F4A78E5BB5266604Z/p/?o=zfd35f4a78e5bb5266604z-1","Athlete Home Exercise Mat 6 mm colors PVC","EGP 200.00 (Inclusive of VAT)","null","null","null","null"
"1666980733-245","https://www.noon.com/egypt-en/sports-and-outdoors/exercise-and-fitness/yoga-16328/?limit=150&sort%5Bby%5D=popularity&sort%5Bdir%5D=desc","","","SportQ Yoga Mat With
Holder Strap And Ba……EGP 129.00 5.01","https://www.noon.com/egypt-en/yoga-mat-with-holder-strap-and-bag/Z54A91CCF3FC212BD59B7Z/p/?o=z54a91ccf3fc212bd59b7z-1","Yoga Mat With Holder Strap And Bag","EGP 129.00 (Inclusive of VAT)","null","5.0","1 Rating","null"
"1666980739-246","https://www.noon.com/egypt-en/sports-and-outdoors/exercise-and-fitness/yoga-16328/?limit=150&sort%5Bby%5D=popularity&sort%5Bdir%5D=desc","","","USE CODE DISC50 - BUY FOR 500 & GET 50 OFFAthlete Home
Exercise Mat …EGP 199.00","https://www.noon.com/egypt-en/exercise-mat/N51237159A/p/?o=e414de9c544fc90b","Exercise Mat","EGP 199.00 (Inclusive of VAT)","null","null","null","null"
"1666980744-247","https://www.noon.com/egypt-en/sports-and-outdoors/exercise-and-fitness/yoga-16328/?limit=150&sort%5Bby%5D=popularity&sort%5Bdir%5D=desc","","","Generic Pilates
Fitness Circle Ring 3……EGP 110.00 4.25","https://www.noon.com/egypt-en/pilates-fitness-circle-ring-38x38centimeter/N20034883A/p/?o=f23662b071b4290e","Pilates Fitness Circle Ring 38X38centimeter","EGP 110.00 (Inclusive of VAT)","null","4.2","5 Ratings","null"
"1666980749-248","https://www.noon.com/egypt-en/sports-and-outdoors/exercise-and-fitness/yoga-16328/?limit=150&sort%5Bby%5D=popularity&sort%5Bdir%5D=desc","","","body heart Yoga Ball
With Air Pump - 75 c……EGP 275.00","https://www.noon.com/egypt-en/yoga-ball-with-air-pump-75-cm-75centimeter/N16529635A/p/?o=b8f35e2ee784007e","Yoga Ball With Air Pump - 75 cm 75centimeter","EGP 275.00 (Inclusive of VAT)","null","null","null","null"
"1666980755-249","https://www.noon.com/egypt-en/sports-and-outdoors/exercise-and-fitness/yoga-16328/?limit=150&sort%5Bby%5D=popularity&sort%5Bdir%5D=desc","","","Generic Yoga Ball
25centimeter …EGP 59.90","https://www.noon.com/egypt-en/yoga-ball-25centimeter/N36591416A/p/?o=bd045f2fc21a2c9b","Yoga Ball 25centimeter","EGP 59.90 (Inclusive of VAT)","null","null","null","null"
"1666980759-250","https://www.noon.com/egypt-en/sports-and-outdoors/exercise-and-fitness/yoga-16328/?limit=150&sort%5Bby%5D=popularity&sort%5Bdir%5D=desc","","","SportQ Yoga Mat Non
Slip 10Mm Thick Nitr……EGP 270.00","https://www.noon.com/egypt-en/yoga-mat-non-slip-10mm-thick-nitrile-rubber-non-slip-mat-for-home-exercise-and-gym-gym-exercise-10mm/N52752445A/p/?o=fdfd6cdf46c8c36e","Yoga Mat Non Slip 10Mm Thick Nitrile Rubber Non Slip Mat For Home Exercise And Gym Gym Exercise 10mm","EGP 270.00 (Inclusive of VAT)","null","null","null","null"
"1666980767-251","https://www.noon.com/egypt-en/sports-and-outdoors/exercise-and-fitness/yoga-16328/?limit=150&sort%5Bby%5D=popularity&sort%5Bdir%5D=desc","","","USE CODE DISC50 - BUY FOR 500 & GET 50 OFFAthlete Home
Balance Plate Grey ……EGP 250.00","https://www.noon.com/egypt-en/balance-plate-grey-v6146cm/N51237059A/p/?o=f6c1da91d1a8672c","Balance Plate Grey V6146cm","EGP 250.00 (Inclusive of VAT)","null","null","null","null"
"1666980772-252","https://www.noon.com/egypt-en/sports-and-outdoors/exercise-and-fitness/yoga-16328/?limit=150&sort%5Bby%5D=popularity&sort%5Bdir%5D=desc","","","body heart Yoga Ball
With Air Pump - 65 c……EGP 250.00 4.04","https://www.noon.com/egypt-en/yoga-ball-with-air-pump-65-cm-65centimeter/N16529616A/p/?o=ec15e7545a6ee04e","Yoga Ball With Air Pump - 65 cm 65centimeter","EGP 250.00 (Inclusive of VAT)","null","4.0","4 Ratings","null"
"1666980776-253","https://www.noon.com/egypt-en/sports-and-outdoors/exercise-and-fitness/yoga-16328/?limit=150&sort%5Bby%5D=popularity&sort%5Bdir%5D=desc","","","UFIT PVC Yoga Mat
With Carrying Bag - ……EGP 250.00","https://www.noon.com/egypt-en/pvc-yoga-mat-with-carrying-bag-6-mm-183-61-1cm/N44711355A/p/?o=c9e27d3215556adf","PVC Yoga Mat With Carrying Bag - 6 MM 183 × 61 × 1cm","EGP 250.00 (Inclusive of VAT)","null","null","null","null"
"1666980782-254","https://www.noon.com/egypt-en/sports-and-outdoors/exercise-and-fitness/yoga-16328/?limit=150&sort%5Bby%5D=popularity&sort%5Bdir%5D=desc","","","USE CODE DISC50 - BUY FOR 500 & GET 50 OFFAthlete Home Leather
Gym Sand Bag 120c……EGP 750.00","https://www.noon.com/egypt-en/leather-gym-sand-bag-120cm/N52997041A/p/?o=a5bbac76bcbe721f","Leather Gym Sand Bag 120cm","EGP 750.00 (Inclusive of VAT)","null","null","null","null"
"1666980787-255","https://www.noon.com/egypt-en/sports-and-outdoors/exercise-and-fitness/yoga-16328/?limit=150&sort%5Bby%5D=popularity&sort%5Bdir%5D=desc","","","KIMJALY Yoga Mat 8
Mm …EGP 899.00","https://www.noon.com/egypt-en/yoga-mat-8-mm/Z1260A0660CAFADFB0A64Z/p/?o=z1260a0660cafadfb0a64z-1","Yoga Mat 8 Mm","EGP 899.00 (Inclusive of VAT)","null","null","null","null"
"1666980792-256","https://www.noon.com/egypt-en/sports-and-outdoors/exercise-and-fitness/yoga-16328/?limit=150&sort%5Bby%5D=popularity&sort%5Bdir%5D=desc","","","Gymbit Yoga Mat With
Carrying Strap And ……EGP 250.00","https://www.noon.com/egypt-en/yoga-mat-with-carrying-strap-and-bag-10millimeter/N44712209A/p/?o=b95775a18db4a05b","Yoga Mat With Carrying Strap And Bag 10millimeter","EGP 250.00 (Inclusive of VAT)","null","null","null","null"
"1666980797-257","https://www.noon.com/egypt-en/sports-and-outdoors/exercise-and-fitness/yoga-16328/?limit=150&sort%5Bby%5D=popularity&sort%5Bdir%5D=desc","","","USE CODE DISC50 - BUY FOR 500 & GET 50 OFFAthlete Home Athlete
Home Exercise Mat ……EGP 200.00","https://www.noon.com/egypt-en/athlete-home-exercise-mat-6-mm-phosphoric-pvc/Z9ED1A5930C33B31980CFZ/p/?o=z9ed1a5930c33b31980cfz-1","Athlete Home Exercise Mat 6 mm Phosphoric PVC","EGP 200.00 (Inclusive of VAT)","null","null","null","null"
"1666980802-258","https://www.noon.com/egypt-en/sports-and-outdoors/exercise-and-fitness/yoga-16328/?limit=150&sort%5Bby%5D=popularity&sort%5Bdir%5D=desc","","","USE CODE DISC50 - BUY FOR 500 & GET 50 OFFAthlete Home
Exercise Mat 5Mm P……EGP 199.00EGP 30033% Off","https://www.noon.com/egypt-en/exercise-mat-5mm-pvc/ZC1E99B20CC108A95E407Z/p/?o=zc1e99b20cc108a95e407z-1","Exercise Mat 5Mm Pvc","EGP 199.00 Inclusive of VAT","EGP 300.00","null","null","33% Off"
"1666980808-259","https://www.noon.com/egypt-en/sports-and-outdoors/exercise-and-fitness/yoga-16328/?limit=150&sort%5Bby%5D=popularity&sort%5Bdir%5D=desc","","","BODY SCULPTURE
Travel Size Foam Rol……EGP 315.00EGP 36513% Off","https://www.noon.com/egypt-en/travel-size-foam-roller-30x10cm/N52252209A/p/?o=d41bc412e8b599ee","Travel Size Foam Roller 30x10cm","EGP 315.00 Inclusive of VAT","EGP 365.00","null","null","13% Off"
"1666980812-260","https://www.noon.com/egypt-en/sports-and-outdoors/exercise-and-fitness/yoga-16328/?limit=150&sort%5Bby%5D=popularity&sort%5Bdir%5D=desc","","","USE CODE DISC50 - BUY FOR 500 & GET 50 OFFAthlete Home
Exercise Yoga Aerob……EGP 230.30","https://www.noon.com/egypt-en/exercise-yoga-aerobic-ball-65cm/N51237306A/p/?o=f19bdd7f1050d24f","Exercise Yoga Aerobic Ball 65cm","EGP 230.30 (Inclusive of VAT)","null","null","null","null"
"1666980820-261","https://www.noon.com/egypt-en/sports-and-outdoors/exercise-and-fitness/yoga-16328/?limit=150&sort%5Bby%5D=popularity&sort%5Bdir%5D=desc","","","USE CODE DISC50 - BUY FOR 500 & GET 50 OFFAthlete Home Heat
Yoga Ball With Blow……EGP 253.05","https://www.noon.com/egypt-en/heat-yoga-ball-with-blower-75centimeter/N38132275A/p/?o=c98ec42067393dac","Heat Yoga Ball With Blower 75centimeter","EGP 253.05 (Inclusive of VAT)","null","null","null","null"
"1666980826-262","https://www.noon.com/egypt-en/sports-and-outdoors/exercise-and-fitness/yoga-16328/?limit=150&sort%5Bby%5D=popularity&sort%5Bdir%5D=desc","","","Suria Foam Block …EGP 80.00","https://www.noon.com/egypt-en/foam-block/N44713798A/p/?o=d591bb58837d364d","Foam Block","EGP 80.00 (Inclusive of VAT)","null","null","null","null"
"1666980831-263","https://www.noon.com/egypt-en/sports-and-outdoors/exercise-and-fitness/yoga-16328/?limit=150&sort%5Bby%5D=popularity&sort%5Bdir%5D=desc","","","USE CODE DISC50 - BUY FOR 500 & GET 50 OFFAthlete Home Yoga
Foam Roller Size 60……EGP 400.00","https://www.noon.com/egypt-en/yoga-foam-roller-size-60cm/ZE743854E8061A9327999Z/p/?o=ze743854e8061a9327999z-1","Yoga Foam Roller Size 60Cm","EGP 400.00 (Inclusive of VAT)","null","null","null","null"
"1666980835-264","https://www.noon.com/egypt-en/sports-and-outdoors/exercise-and-fitness/yoga-16328/?limit=150&sort%5Bby%5D=popularity&sort%5Bdir%5D=desc","","","USE CODE DISC50 - BUY FOR 500 & GET 50 OFFAthlete Home
Exercise Mat 5Mm E……EGP 228.00","https://www.noon.com/egypt-en/exercise-mat-5mm-eva/ZDED9F1F3D74EBD31CD90Z/p/?o=zded9f1f3d74ebd31cd90z-1","Exercise Mat 5Mm Eva","EGP 228.00 (Inclusive of VAT)","null","null","null","null"
"1666980842-265","https://www.noon.com/egypt-en/sports-and-outdoors/exercise-and-fitness/yoga-16328/?limit=150&sort%5Bby%5D=popularity&sort%5Bdir%5D=desc","","","USE CODE DISC50 - BUY FOR 500 & GET 50 OFFAthlete Home
Exercise Mat …EGP 280.00EGP 35020% Off","https://www.noon.com/egypt-en/exercise-mat/ZAC8A4707183C0448FE35Z/p/?o=zac8a4707183c0448fe35z-1","Exercise Mat","EGP 280.00 Inclusive of VAT","EGP 350.00","null","null","20% Off"
"1666980847-266","https://www.noon.com/egypt-en/sports-and-outdoors/exercise-and-fitness/yoga-16328/?limit=150&sort%5Bby%5D=popularity&sort%5Bdir%5D=desc","","","UFIT Yoga Mat With
Carrying Strap & Ba……EGP 319.00 4.73","https://www.noon.com/egypt-en/yoga-mat-with-carrying-strap-bag-10-mm-183-x-61-x-1cm/N44711368A/p/?o=ccdc870db72447af","Yoga Mat With Carrying Strap & Bag- 10 Mm 183 x 61 x 1cm","EGP 319.00 (Inclusive of VAT)","null","4.7","3 Ratings","null"
"1666980851-267","https://www.noon.com/egypt-en/sports-and-outdoors/exercise-and-fitness/yoga-16328/?limit=150&sort%5Bby%5D=popularity&sort%5Bdir%5D=desc","","","USE CODE DISC50 - BUY FOR 500 & GET 50 OFFAthlete Home
Exercise Mat …EGP 350.00","https://www.noon.com/egypt-en/exercise-mat/Z5F0AC957140F7E60D2E9Z/p/?o=z5f0ac957140f7e60d2e9z-1","Exercise Mat","EGP 350.00 (Inclusive of VAT)","null","null","null","null"
"1666980857-268","https://www.noon.com/egypt-en/sports-and-outdoors/exercise-and-fitness/yoga-16328/?limit=150&sort%5Bby%5D=popularity&sort%5Bdir%5D=desc","","","USE CODE DISC50 - BUY FOR 500 & GET 50 OFFAthlete Home
Exercise Mat 5Mm E……EGP 228.00","https://www.noon.com/egypt-en/exercise-mat-5mm-eva/ZC67D1F852D66632BD795Z/p/?o=zc67d1f852d66632bd795z-1","Exercise Mat 5Mm Eva","EGP 228.00 (Inclusive of VAT)","null","null","null","null"
"1666980862-269","https://www.noon.com/egypt-en/sports-and-outdoors/exercise-and-fitness/yoga-16328/?limit=150&sort%5Bby%5D=popularity&sort%5Bdir%5D=desc","","","USE CODE DISC50 - BUY FOR 500 & GET 50 OFFAthlete Home
Exercise Mat …EGP 280.00EGP 35020% Off","https://www.noon.com/egypt-en/exercise-mat/Z4CFA9AF7F657C560B1CFZ/p/?o=z4cfa9af7f657c560b1cfz-1","Exercise Mat","EGP 280.00 Inclusive of VAT","EGP 350.00","null","null","20% Off"
"1666980866-270","https://www.noon.com/egypt-en/sports-and-outdoors/exercise-and-fitness/yoga-16328/?limit=150&sort%5Bby%5D=popularity&sort%5Bdir%5D=desc","","","USE CODE DISC50 - BUY FOR 500 & GET 50 OFFAthlete Home Athlete
Home Yoga Foam R……EGP 300.00","https://www.noon.com/egypt-en/athlete-home-yoga-foam-roller-45cm/ZB12BDB8FACF6B17C4801Z/p/?o=zb12bdb8facf6b17c4801z-1","Athlete Home Yoga Foam Roller 45cm","EGP 300.00 (Inclusive of VAT)","null","null","null","null"
"1666980871-271","https://www.noon.com/egypt-en/sports-and-outdoors/exercise-and-fitness/yoga-16328/?limit=150&sort%5Bby%5D=popularity&sort%5Bdir%5D=desc","","","Prickly Pear Sweat
Absorbent Anti Slip ……EGP 789.00EGP 99921% Off","https://www.noon.com/egypt-en/sweat-absorbent-anti-slip-strength-travel-yoga-mat-61-cm/N35941523A/p/?o=ec4ebccd39000afd","Sweat Absorbent Anti Slip Strength Travel Yoga Mat 61 cm","EGP 789.00 Inclusive of VAT","EGP 999.00","null","null","21% Off"
"1666980875-272","https://www.noon.com/egypt-en/sports-and-outdoors/exercise-and-fitness/yoga-16328/?limit=150&sort%5Bby%5D=popularity&sort%5Bdir%5D=desc","","","TOEON 5-Piece
Fitness Exercise Yog……EGP 160.00 4.5216","https://www.noon.com/egypt-en/5-piece-fitness-exercise-yoga-stretching-strap-with-cloth-bag/N28558709A/p/?o=a71ff5024c15d49e","5-Piece Fitness Exercise Yoga Stretching Strap With Cloth Bag","EGP 160.00 (Inclusive of VAT)","null","4.5","216 Ratings","null"
"1666980879-273","https://www.noon.com/egypt-en/sports-and-outdoors/exercise-and-fitness/yoga-16328/?limit=150&sort%5Bby%5D=popularity&sort%5Bdir%5D=desc","","","USE CODE DISC50 - BUY FOR 500 & GET 50 OFFAthlete Home
Exercise Mat 5Mm E……EGP 200.00","https://www.noon.com/egypt-en/exercise-mat-5mm-eva/ZFEE22B4CAE429FFBB22DZ/p/?o=zfee22b4cae429ffbb22dz-1","Exercise Mat 5Mm Eva","EGP 200.00 (Inclusive of VAT)","null","null","null","null"
"1666980886-274","https://www.noon.com/egypt-en/sports-and-outdoors/exercise-and-fitness/yoga-16328/?limit=150&sort%5Bby%5D=popularity&sort%5Bdir%5D=desc","","","USE CODE DISC50 - BUY FOR 500 & GET 50 OFFAthlete Home
Exercise Mat 5Mm P……EGP 199.00EGP 30033% Off","https://www.noon.com/egypt-en/exercise-mat-5mm-pvc/Z0873F2D82DC5585474EAZ/p/?o=z0873f2d82dc5585474eaz-1","Exercise Mat 5Mm Pvc","EGP 199.00 Inclusive of VAT","EGP 300.00","null","null","33% Off"
"1666980891-275","https://www.noon.com/egypt-en/sports-and-outdoors/exercise-and-fitness/yoga-16328/?limit=150&sort%5Bby%5D=popularity&sort%5Bdir%5D=desc","","","USE CODE DISC50 - BUY FOR 500 & GET 50 OFFAthlete Home Heat
Yoga Ball With Blow……EGP 253.00","https://www.noon.com/egypt-en/heat-yoga-ball-with-blower-65centimeter/N38132274A/p/?o=f7e25f0ea96619fc","Heat Yoga Ball With Blower 65centimeter","EGP 253.00 (Inclusive of VAT)","null","null","null","null"
"1666980896-276","https://www.noon.com/egypt-en/sports-and-outdoors/exercise-and-fitness/yoga-16328/?limit=150&sort%5Bby%5D=popularity&sort%5Bdir%5D=desc","","","USE CODE DISC50 - BUY FOR 500 & GET 50 OFFAthlete Home Yoga
Ball 2021 65cm …EGP 159.00","https://www.noon.com/egypt-en/yoga-ball-2021-65cm/N51237367A/p/?o=caadc10a1c81c2cf","Yoga Ball 2021 65cm","EGP 159.00 (Inclusive of VAT)","null","null","null","null"
"1666980901-277","https://www.noon.com/egypt-en/sports-and-outdoors/exercise-and-fitness/yoga-16328/?limit=150&sort%5Bby%5D=popularity&sort%5Bdir%5D=desc","","","Spurt Yoga Roller
30cm …EGP 210.00EGP 33236% Off","https://www.noon.com/egypt-en/yoga-roller-30cm/N51379862A/p/?o=f62950b0df952a0a","Yoga Roller 30cm","EGP 210.00 Inclusive of VAT","EGP 332.00","null","null","36% Off"
"1666980905-278","https://www.noon.com/egypt-en/sports-and-outdoors/exercise-and-fitness/yoga-16328/?limit=150&sort%5Bby%5D=popularity&sort%5Bdir%5D=desc","","","USE CODE DISC50 - BUY FOR 500 & GET 50 OFFAthlete Home
Exercise Mat 5Mm E……EGP 228.00","https://www.noon.com/egypt-en/exercise-mat-5mm-eva/Z1A602F6AF04BED4E260FZ/p/?o=z1a602f6af04bed4e260fz-1","Exercise Mat 5Mm Eva","EGP 228.00 (Inclusive of VAT)","null","null","null","null"
"1666980909-279","https://www.noon.com/egypt-en/sports-and-outdoors/exercise-and-fitness/yoga-16328/?limit=150&sort%5Bby%5D=popularity&sort%5Bdir%5D=desc","","","USE CODE DISC50 - BUY FOR 500 & GET 50 OFFAthlete Home Power
Pull High End Mat …EGP 360.00EGP 40010% Off","https://www.noon.com/egypt-en/power-pull-high-end-mat/Z5E8B1D3A8CD1EDC0EF3FZ/p/?o=z5e8b1d3a8cd1edc0ef3fz-1","Power Pull High End Mat","EGP 360.00 Inclusive of VAT","EGP 400.00","null","null","10% Off"
"1666980915-280","https://www.noon.com/egypt-en/sports-and-outdoors/exercise-and-fitness/yoga-16328/?limit=150&sort%5Bby%5D=popularity&sort%5Bdir%5D=desc","","","USE CODE DISC50 - BUY FOR 500 & GET 50 OFFAthlete Home Athlete
Home 5mm Mat Wit……EGP 200.00","https://www.noon.com/egypt-en/athlete-home-5mm-mat-with-bag/Z0C624E65219011A8526EZ/p/?o=z0c624e65219011a8526ez-1","Athlete Home 5mm Mat With Bag","EGP 200.00 (Inclusive of VAT)","null","null","null","null"
"1666980919-281","https://www.noon.com/egypt-en/sports-and-outdoors/exercise-and-fitness/yoga-16328/?limit=150&sort%5Bby%5D=popularity&sort%5Bdir%5D=desc","","","USE CODE DISC50 - BUY FOR 500 & GET 50 OFFAthlete Home
Exercise Mat 5Mm E……EGP 228.00","https://www.noon.com/egypt-en/exercise-mat-5mm-eva/ZBE82189E5CC582A4D612Z/p/?o=zbe82189e5cc582a4d612z-1","Exercise Mat 5Mm Eva","EGP 228.00 (Inclusive of VAT)","null","null","null","null"
"1666980925-282","https://www.noon.com/egypt-en/sports-and-outdoors/exercise-and-fitness/yoga-16328/?limit=150&sort%5Bby%5D=popularity&sort%5Bdir%5D=desc","","","UFIT Non Slip Yoga
Mat With Carrying B……EGP 198.00EGP 45056% Off 3.33","https://www.noon.com/egypt-en/non-slip-yoga-mat-with-carrying-bag-61-cm/N39552103A/p/?o=c653415b4360437f","Non Slip Yoga Mat With Carrying Bag 61 cm","EGP 198.00 Inclusive of VAT","EGP 450.00","3.3","3 Ratings","56% Off"
"1666980932-283","https://www.noon.com/egypt-en/sports-and-outdoors/exercise-and-fitness/yoga-16328/?limit=150&sort%5Bby%5D=popularity&sort%5Bdir%5D=desc","","","USE CODE DISC50 - BUY FOR 500 & GET 50 OFFAthlete Home Athlete
Home Foam Roller ……EGP 249.00","https://www.noon.com/egypt-en/athlete-home-foam-roller-multi-color/Z33836E9B35BF66098518Z/p/?o=z33836e9b35bf66098518z-1","Athlete Home Foam Roller multi Color","EGP 249.00 (Inclusive of VAT)","null","null","null","null"
"1666980938-284","https://www.noon.com/egypt-en/sports-and-outdoors/exercise-and-fitness/yoga-16328/?limit=150&sort%5Bby%5D=popularity&sort%5Bdir%5D=desc","","","BODY SCULPTURE
Cork Yoga Mat …EGP 739.00EGP 104929% Off","https://www.noon.com/egypt-en/cork-yoga-mat/N52252533A/p/?o=f3d9eb65227cdcaf","Cork Yoga Mat","EGP 739.00 Inclusive of VAT","EGP 1049.00","null","null","29% Off"
"1666980945-285","https://www.noon.com/egypt-en/sports-and-outdoors/exercise-and-fitness/yoga-16328/?limit=150&sort%5Bby%5D=popularity&sort%5Bdir%5D=desc","","","USE CODE DISC50 - BUY FOR 500 & GET 50 OFFAthlete Home
Exercise Mat 5Mm E……EGP 228.00","https://www.noon.com/egypt-en/exercise-mat-5mm-eva/Z5E9AE9A0236BFF7F7BEAZ/p/?o=z5e9ae9a0236bff7f7beaz-1","Exercise Mat 5Mm Eva","EGP 228.00 (Inclusive of VAT)","null","null","null","null"
"1666980951-286","https://www.noon.com/egypt-en/sports-and-outdoors/exercise-and-fitness/yoga-16328/?limit=150&sort%5Bby%5D=popularity&sort%5Bdir%5D=desc","","","USE CODE DISC50 - BUY FOR 500 & GET 50 OFFAthlete Home Yoga
Ball 2021 55cm …EGP 150.00 5.01","https://www.noon.com/egypt-en/yoga-ball-2021-55cm/N51237366A/p/?o=f1eac5b35d4d5bab","Yoga Ball 2021 55cm","EGP 150.00 (Inclusive of VAT)","null","5.0","1 Rating","null"
"1666980957-287","https://www.noon.com/egypt-en/sports-and-outdoors/exercise-and-fitness/yoga-16328/?limit=150&sort%5Bby%5D=popularity&sort%5Bdir%5D=desc","","","BODY SCULPTURE
Full Round Foam Rol……EGP 520.00EGP 66722% Off","https://www.noon.com/egypt-en/full-round-foam-roller-15x45centimeter/N35279634A/p/?o=cc049fe0ee46968f","Full Round Foam Roller 15x45centimeter","EGP 520.00 Inclusive of VAT","EGP 667.00","null","null","22% Off"
"1666980962-288","https://www.noon.com/egypt-en/sports-and-outdoors/exercise-and-fitness/yoga-16328/?limit=150&sort%5Bby%5D=popularity&sort%5Bdir%5D=desc","","","USE CODE DISC50 - BUY FOR 500 & GET 50 OFFAthlete Home
Exercise Mat 5Mm E……EGP 200.00","https://www.noon.com/egypt-en/exercise-mat-5mm-eva/Z50166D93AE113A3BD14CZ/p/?o=z50166d93ae113a3bd14cz-1","Exercise Mat 5Mm Eva","EGP 200.00 (Inclusive of VAT)","null","null","null","null"
"1666980967-289","https://www.noon.com/egypt-en/sports-and-outdoors/exercise-and-fitness/yoga-16328/?limit=150&sort%5Bby%5D=popularity&sort%5Bdir%5D=desc","","","SportQ Yoga Mat With
Holder Strap And Ba……EGP 149.00 3.02","https://www.noon.com/egypt-en/yoga-mat-with-holder-strap-and-bag-blue/ZC054A09293DAA8DD87CEZ/p/?o=zc054a09293daa8dd87cez-1","Yoga Mat With Holder Strap And Bag - Blue","EGP 149.00 (Inclusive of VAT)","null","3.0","2 Ratings","null"
"1666980972-290","https://www.noon.com/egypt-en/sports-and-outdoors/exercise-and-fitness/yoga-16328/?limit=150&sort%5Bby%5D=popularity&sort%5Bdir%5D=desc","","","USE CODE DISC50 - BUY FOR 500 & GET 50 OFFAthlete Home Yoga
Ball 2021 85cm …EGP 179.00","https://www.noon.com/egypt-en/yoga-ball-2021-85cm/N51237369A/p/?o=d04894b993140e3f","Yoga Ball 2021 85cm","EGP 179.00 (Inclusive of VAT)","null","null","null","null"
"1666980976-291","https://www.noon.com/egypt-en/sports-and-outdoors/exercise-and-fitness/yoga-16328/?limit=150&sort%5Bby%5D=popularity&sort%5Bdir%5D=desc","","","Best SellerGeneric Non Slip
Yoga Mat With Carry……EGP 159.00EGP 20723% Off 4.214","https://www.noon.com/egypt-en/non-slip-yoga-mat-with-carrying-bag/N39552148A/p/?o=fb086e376afc5e3c","Non Slip Yoga Mat With Carrying Bag","EGP 159.00 Inclusive of VAT","EGP 206.70","4.2","14 Ratings","23% Off"
"1666980981-292","https://www.noon.com/egypt-en/sports-and-outdoors/exercise-and-fitness/yoga-16328/?limit=150&sort%5Bby%5D=popularity&sort%5Bdir%5D=desc","","","USE CODE DISC50 - BUY FOR 500 & GET 50 OFFAthlete Home
Exercise Mat …EGP 280.00EGP 35020% Off","https://www.noon.com/egypt-en/exercise-mat/Z81BD7364A53373681379Z/p/?o=z81bd7364a53373681379z-1","Exercise Mat","EGP 280.00 Inclusive of VAT","EGP 350.00","null","null","20% Off"
"1666980986-293","https://www.noon.com/egypt-en/sports-and-outdoors/exercise-and-fitness/yoga-16328/?limit=150&sort%5Bby%5D=popularity&sort%5Bdir%5D=desc","","","USE CODE DISC50 - BUY FOR 500 & GET 50 OFFAthlete Home
Exercise Mat …EGP 350.00","https://www.noon.com/egypt-en/exercise-mat/Z03A287907900991A3B28Z/p/?o=z03a287907900991a3b28z-1","Exercise Mat","EGP 350.00 (Inclusive of VAT)","null","null","null","null"
"1666980991-294","https://www.noon.com/egypt-en/sports-and-outdoors/exercise-and-fitness/yoga-16328/?limit=150&sort%5Bby%5D=popularity&sort%5Bdir%5D=desc","","","USE CODE DISC50 - BUY FOR 500 & GET 50 OFFAthlete Home
Exercise Mat 6 mm c……EGP 200.00","https://www.noon.com/egypt-en/exercise-mat-6-mm-colors-pvc/ZF49FCAD2F3676C8222BAZ/p/?o=zf49fcad2f3676c8222baz-1","Exercise Mat 6 mm colors PVC","EGP 200.00 (Inclusive of VAT)","null","null","null","null"
"1666980996-295","https://www.noon.com/egypt-en/sports-and-outdoors/exercise-and-fitness/yoga-16328/?limit=150&sort%5Bby%5D=popularity&sort%5Bdir%5D=desc","","","SportQ Yoga Mat With
Holder Strap And Ba……EGP 129.00","https://www.noon.com/egypt-en/yoga-mat-with-holder-strap-and-bag/ZA91B32C151398A72BB24Z/p/?o=za91b32c151398a72bb24z-1","Yoga Mat With Holder Strap And Bag","EGP 129.00 (Inclusive of VAT)","null","null","null","null"
"1666981002-296","https://www.noon.com/egypt-en/sports-and-outdoors/exercise-and-fitness/yoga-16328/?limit=150&sort%5Bby%5D=popularity&sort%5Bdir%5D=desc","","","USE CODE DISC50 - BUY FOR 500 & GET 50 OFFAthlete Home Leather
Gym Sand Bag 100c……EGP 560.00EGP 70020% Off","https://www.noon.com/egypt-en/leather-gym-sand-bag-100cm/N52997044A/p/?o=b1cadc6eef97ef2f","Leather Gym Sand Bag 100cm","EGP 560.00 Inclusive of VAT","EGP 700.00","null","null","20% Off"
"1666981007-297","https://www.noon.com/egypt-en/sports-and-outdoors/exercise-and-fitness/yoga-16328/?limit=150&sort%5Bby%5D=popularity&sort%5Bdir%5D=desc","","","USE CODE DISC50 - BUY FOR 500 & GET 50 OFFAthlete Home
Exercise Mat …EGP 350.00 4.01","https://www.noon.com/egypt-en/exercise-mat/ZEBED6D16E0EC765CAF2EZ/p/?o=zebed6d16e0ec765caf2ez-1","Exercise Mat","EGP 350.00 (Inclusive of VAT)","null","4.0","1 Rating","null"
"1666981011-298","https://www.noon.com/egypt-en/sports-and-outdoors/exercise-and-fitness/yoga-16328/?limit=150&sort%5Bby%5D=popularity&sort%5Bdir%5D=desc","","","Spurt 18D-141 Yoga
Roller Pink 30cm …EGP 182.00EGP 29337% Off 5.01","https://www.noon.com/egypt-en/18d-141-yoga-roller-pink-30cm/N46040263A/p/?o=e136e8d59160f04b","18D-141 Yoga Roller Pink 30cm","EGP 182.00 Inclusive of VAT","EGP 293.00","5.0","1 Rating","37% Off"
"1666981015-299","https://www.noon.com/egypt-en/sports-and-outdoors/exercise-and-fitness/yoga-16328/?limit=150&sort%5Bby%5D=popularity&sort%5Bdir%5D=desc","","","USE CODE DISC50 - BUY FOR 500 & GET 50 OFFAthlete Home Yoga
Ball 2021 75cm …EGP 169.00","https://www.noon.com/egypt-en/yoga-ball-2021-75cm/N51237368A/p/?o=ba6f3906d4e85c7e","Yoga Ball 2021 75cm","EGP 169.00 (Inclusive of VAT)","null","null","null","null"
"1666981020-300","https://www.noon.com/egypt-en/sports-and-outdoors/exercise-and-fitness/yoga-16328/?limit=150&sort%5Bby%5D=popularity&sort%5Bdir%5D=desc","","","USE CODE DISC50 - BUY FOR 500 & GET 50 OFFBest SellerAthlete Home
Exercise Mat 5Mm E……EGP 200.00","https://www.noon.com/egypt-en/exercise-mat-5mm-eva/Z259A4C993D699276358CZ/p/?o=z259a4c993d699276358cz-1","Exercise Mat 5Mm Eva","EGP 200.00 (Inclusive of VAT)","null","null","null","null"
